{
    "$schema": "https://go.kicad.org/pcm/schemas/v1",
    "name": "marbastlib",
    "description": "A collection of symbols/footprints for keyboard design",
    "description_full": "This library focuses on keyboard design, and features - among others - footprints for Cherry MX, Alps SKCM, Hi-Tek 725, Kailh Choc v1 and v2.",
    "identifier": "com.github.ebastler.marbastlib",
    "type": "library",
    "author": {
        "name": "ebastler and MarvFPV",
        "contact": {
            "discord": "https://discord.gg/UEhmQbQw",
        }
    },
    "maintainer": {
        "name": "ebastler and MarvFPV",
        "contact": {
            "discord": "https://discord.gg/UEhmQbQw",
        }
    },
    "license": "CERN-OHL-P-2.0",
    "resources": {
        "homepage": "https://github.com/ebastler/marbastlib"
    },
    "versions": [{
        "version": "2023.07.08",
        "status": "testing",
        "kicad_version": "7.0"
    }]
}